John Smith, 1, 420 Fleet St., Awesome CD, 2, 19.99
John Smith, 1, 420 Fleet St., Bad CD, 1, 9.99
Jane Doe, 2, 100 Main Ave., Greatest Hits, 1, 14.99
Alice Johnson, 3, 55 Oak Rd., Classical Collection, 3, 29.97
Bob Lee, 4, 77 Pine Ln., Jazz Nights, 2, 24.98
Carlos Ruiz, 5, 12 Elm St., Latin Beats, 4, 39.96
Fatima Khan, 6, 9 Cedar Ct., World Voices, 1, 12.50
Chen Li, 7, 200 Lotus Dr., Instrumental Vol.1, 2, 18.00
Olga Ivanova, 8, 3 Birch Way, Opera Highlights, 1, 21.00
Mary Brown, 9, 88 River Blvd., Pop Essentials, 5, 49.95
Peter Parker, 10, 41 Web St., Indie Spotlight, 1, 11.99
Bruce Wayne, 11, 1007 Mountain Rd., Dark Symphony, 2, 27.98
Clark Kent, 12, 344 Daily St., Heroic Anthems, 1, 15.99
Diana Prince, 13, 21 Amazon Ln., Epic Scores, 2, 33.98
Tony Stark, 14, 108 Tech Ave., Electro Mix, 3, 26.97
Natasha Romanoff, 15, 7 Spy Ct., Stealth Beats, 1, 9.50
Steve Rogers, 16, 22 Liberty Pl., Retro Rock, 2, 19.98
Wanda Maximoff, 17, 5 Scarlet Rd., Ambient Dreams, 1, 13.25
Scott Lang, 18, 66 Quantum St., Small Tunes, 2, 11.98
Hope Pym, 19, 14 Micro Ln., Family Collection, 3, 35.97
Hank Pym, 20, 2 Lab Rd., Experimental Sounds, 1, 8.99
Janet Van Dyne, 21, 9 Garden Ave., Vintage Vocalists, 2, 22.00
Sam Wilson, 22, 50 Wing Dr., Summer Vibes, 4, 44.96
Bucky Barnes, 23, 77 Winter Rd., Classic Hits, 2, 18.98
Stephen Strange, 24, 13 Mystic Blvd., World Meditation, 1, 16.00
T'Challa, 25, 10 Royal Ct., Rhythms of Home, 2, 20.00
Shuri, 26, 8 Innovation Pkwy., Future Sounds, 1, 17.49
Rocket Raccoon, 27, 404 Galaxy Way, Space Funk, 3, 30.00
Groot, 28, 1 Tree Ln., Nature Tones, 2, 18.50
Gamora, 29, 9 Star Rd., Warrior Anthems, 1, 14.75
Nebula, 30, 77 Void Ave., Electronic Noir, 2, 23.98